{"mean": [-0.43609019830089446, -0.7929401943514146, -0.3818984692479558, -0.050961259570424966, 0.002973031254174824, 0.0064907852454988675, -66.68519369364545, 23.283668982505276, 68.9531967620688, 4.429611527270253, 0.12381796683988414, 125.1076694280836], "scale": [2.4075897019999792, 2.6705202906777097, 3.871220345950746, 0.05668785034688129, 0.07787303852400322, 0.14474278632493717, 56.860533012213686, 72.16640861552054, 26.1685119069944, 3.0426683575705926, 0.13245877461157787, 56.72354410251218], "feature_names": ["acc_x", "acc_y", "acc_z", "gyro_x", "gyro_y", "gyro_z", "mag_x", "mag_y", "mag_z", "AccMag", "GyroMag", "MagMag"]}